{
  "apple": {
    "futsuyomi": [ "사과", "과일", "선악과", "애플티" ],
    "urayomi": [ "레드" ],
    "priconneyomi": [  ]
  },
  "gorilla": {
    "futsuyomi": [ "고릴라", "우오오", "영장류" ],
    "urayomi": [  ],
    "priconneyomi": [  ]
  },
  "trumpet": {
    "futsuyomi": [ "나팔", "기상나팔", "금관악기" ],
    "urayomi": [  ],
    "priconneyomi": [  ]
  },
  "pineapple": {
    "futsuyomi": [ "파인애플", "과일", "다년생 식물" ],
    "urayomi": [ "아나나스" ],
    "priconneyomi": [  ]
  },
  "ruby": {
    "futsuyomi": [ "루비", "주얼리" ],
    "urayomi": [ "보물" ],
    "priconneyomi": [ "아키노의 브로치" ]
  },
  "beer": {
    "futsuyomi": [ "ビールっぽいもの", "ジョッキ" ],
    "urayomi": [  ],
    "priconneyomi": [ "むぎしゆわ", "エターナルジョッキ" ]
  },
  "bow": {
    "futsuyomi": [ "ゆみや" ],
    "urayomi": [ "とびどうぐ", "アロー", "ボウ" ],
    "priconneyomi": [  ]
  },
  "music": {
    "futsuyomi": [ "おんぷ", "リズム" ],
    "urayomi": [ "ミユージック", "うた", "ドレミ" ],
    "priconneyomi": [  ]
  },
  "tube": {
    "futsuyomi": [ "えのぐ" ],
    "urayomi": [ "チユーブ", "ブルー", "あおいえのぐ" ],
    "priconneyomi": [  ]
  },
  "sword": {
    "futsuyomi": [ "けん", "ソード" ],
    "urayomi": [ "つるぎ", "はもの" ],
    "priconneyomi": [ "プリンセスソード" ]
  },
  "glasses": {
    "futsuyomi": [ "めがね" ],
    "urayomi": [ "レンズ", "ビンぞこめがね", "ぐるぐるめがね" ],
    "priconneyomi": [ "カリンのめがね" ]
  },
  "lens": {
    "futsuyomi": [ "むしめがね", "レンズ", "ルーペ" ],
    "urayomi": [ "ズーム" ],
    "priconneyomi": [ "たんていのひっすアイテム", "デイテクテイブルーペ" ]
  },
  "meat": {
    "futsuyomi": [ "にく" ],
    "urayomi": [ "りようり", "ミート", "ほねつきにく" ],
    "priconneyomi": [ "ドラゴンのにく" ]
  },
  "moon": {
    "futsuyomi": [ "つき", "まんげつ" ],
    "urayomi": [ "ムーン", "ルナ" ],
    "priconneyomi": [ "めいげつ" ]
  },
  "bat": {
    "futsuyomi": [ "こうもり", "バット" ],
    "urayomi": [ "きゆうけつき" ],
    "priconneyomi": [ "イリヤのけんぞく" ]
  },
  "bird": {
    "futsuyomi": [ "とり", "まもの" ],
    "urayomi": [ "バード" ],
    "priconneyomi": [ "ジズ" ]
  },
  "shoes": {
    "futsuyomi": [ "くつ", "ズック" ],
    "urayomi": [ "シユーズ", "かわぐつ", "ブーツ" ],
    "priconneyomi": [  ]
  },
  "cat": {
    "futsuyomi": [ "ねこ", "キャット" ],
    "urayomi": [ "とらねこ", "にやんこ" ],
    "priconneyomi": [ "タマキのおともだち" ]
  },
  "goldfish": {
    "futsuyomi": [ "きんぎよ", "おさかな", "さかな" ],
    "urayomi": [ "らんちゆう" ],
    "priconneyomi": [  ]
  },
  "mouse": {
    "futsuyomi": [ "ねずみ", "マウス" ],
    "urayomi": [ "ちゆーちゆー", "ラット" ],
    "priconneyomi": [  ]
  },
  "egg": {
    "futsuyomi": [ "たまご" ],
    "urayomi": [ "エッグ", "こども", "とりのす" ],
    "priconneyomi": [  ]
  },
  "boat": {
    "futsuyomi": [ "ふね" ],
    "urayomi": [ "クルージング", "はんせん", "シップ" ],
    "priconneyomi": [  ]
  },
  "milk": {
    "futsuyomi": [ "ぎゆうにゆう", "ミルク" ],
    "urayomi": [ "おちち" ],
    "priconneyomi": [ "エリザベス" ]
  },
  "chocolate": {
    "futsuyomi": [ "チョコレート", "おかし" ],
    "urayomi": [ "あまいもの", "カカオ" ],
    "priconneyomi": [ "ドラちやんのこうぶつ" ]
  },
  "acorn": {
    "futsuyomi": [ "どんぐり", "きのみ" ],
    "urayomi": [ "ナッツ" ],
    "priconneyomi": [ "リンのおやつ" ]
  },
  "strawberry": {
    "futsuyomi": [ "いちご", "ストロベリー" ],
    "urayomi": [ "ジャム" ],
    "priconneyomi": [  ]
  },
  "tiger": {
    "futsuyomi": [ "とら", "タイガー" ],
    "urayomi": [ "ねこ", "けもの" ],
    "priconneyomi": [ "マツリのあこがれ", "むてきヒーロートラタイガー" ]
  },
  "rabbit": {
    "futsuyomi": [ "ぬいぐるみ", "うさぎ", "にんぎよう" ],
    "urayomi": [ "ラビット" ],
    "priconneyomi": [ "アーサー" ]
  },
  "bomb": {
    "futsuyomi": [ "ばくだん", "ボム" ],
    "urayomi": [ "きけんぶつ", "とびどうぐ" ],
    "priconneyomi": [ "ミソギのいたずらグッズ" ]
  },
  "watermelon": {
    "futsuyomi": [ "すいか" ],
    "urayomi": [ "こだますいか", "なつのふうぶつし" ],
    "priconneyomi": [  ]
  },
  "horse": {
    "futsuyomi": [ "うま", "ろば" ],
    "urayomi": [ "ホース", "ぱかぱか", "サラブレッド" ],
    "priconneyomi": [ "ムーバ" ]
  },
  "chair": {
    "futsuyomi": [ "いす" ],
    "urayomi": [ "かぐ", "チェア" ],
    "priconneyomi": [ "ギルドハウスアイテム" ]
  },
  "sea": {
    "futsuyomi": [ "うみ", "かいがん", "ビーチ" ],
    "urayomi": [ "しおさい", "すなはま" ],
    "priconneyomi": [ "マルジェンかいがん" ]
  },
  "crab": {
    "futsuyomi": [ "やどかり" ],
    "urayomi": [ "かいがら", "こうかくるい" ],
    "priconneyomi": [ "ハーミットナイト" ]
  },
  "recorder": {
    "futsuyomi": [ "ふえ", "リコーダー" ],
    "urayomi": [ "かんがっき", "たてぶえ" ],
    "priconneyomi": [  ]
  },
  "book": {
    "futsuyomi": [ "ほん", "ノート" ],
    "urayomi": [ "しようせつ", "ブック" ],
    "priconneyomi": [ "キャルのまどうしよ" ]
  },
  "fish": {
    "futsuyomi": [ "さかな", "おさかな" ],
    "urayomi": [ "かつお", "まぐろ", "フイッシユ", "うお" ],
    "priconneyomi": [  ]
  },
  "tree": {
    "futsuyomi": [ "ツリー", "クリスマス" ],
    "urayomi": [ "もみのき", "キャロル" ],
    "priconneyomi": [ "ぼうきやくのキャロル" ]
  },
  "candy": {
    "futsuyomi": [ "あめ", "キャンデイ" ],
    "urayomi": [ "ロリポップ" ],
    "priconneyomi": [ "クロエのおやつ" ]
  },
  "hammer": {
    "futsuyomi": [ "ハンマー", "ピコピコハンマー" ],
    "urayomi": [ "かなづち", "こづち" ],
    "priconneyomi": [ "イノリのえもの" ]
  },
  "star": {
    "futsuyomi": [ "ほし", "ごかくけい", "スター" ],
    "urayomi": [ "ずけい", "ひとで", "きらきら" ],
    "priconneyomi": [ "ランドソルのかたち" ]
  },
  "hat": {
    "futsuyomi": [ "ぼうし", "ハット" ],
    "urayomi": [ "やまたかぼう", "シルクハット" ],
    "priconneyomi": [  ]
  },
  "cup": {
    "futsuyomi": [ "カップ", "コーヒー" ],
    "urayomi": [ "マグ" ],
    "priconneyomi": [  ]
  },
  "dog": {
    "futsuyomi": [ "いぬ", "ドッグ" ],
    "urayomi": [ "おおかみ", "ウルフ", "わんこ" ],
    "priconneyomi": [  ]
  },
  "flag": {
    "futsuyomi": [ "はた", "フラッグ" ],
    "urayomi": [  ],
    "priconneyomi": [  ]
  },
  "cake": {
    "futsuyomi": [ "ケーキ", "おかし" ],
    "urayomi": [ "ぎふと" ],
    "priconneyomi": [ "きずなポイント", "ミックスベリーケーキ" ]
  },
  "microphone": {
    "futsuyomi": [ "マイク", "うた", "ライブ" ],
    "urayomi": [ "アイドルのひっすアイテム" ],
    "priconneyomi": [ "ブリリアントマイク" ]
  },
  "lipstick": {
    "futsuyomi": [ "くちべに", "リップ" ],
    "urayomi": [ "ルージユ" ],
    "priconneyomi": [  ]
  },
  "mochi": {
    "futsuyomi": [ "もち", "おもち" ],
    "urayomi": [ "かがみもち", "たんすいかぶつ", "ライスケーキ" ],
    "priconneyomi": [  ]
  },
  "fairy": {
    "futsuyomi": [ "ようせい" ],
    "urayomi": [ "フェアリー" ],
    "priconneyomi": [ "ネビア" ]
  },
  "umbrella": {
    "futsuyomi": [ "かさ", "アンブレラ" ],
    "urayomi": [ "パラソル", "ひがさ" ],
    "priconneyomi": [ "ペコリーヌサマー" ]
  },
  "dice": {
    "futsuyomi": [ "さいころ", "ダイス" ],
    "urayomi": [ "ギャンブル", "りっぽうたい", "すごろく" ],
    "priconneyomi": [  ]
  },
  "letter": {
    "futsuyomi": [ "てがみ" ],
    "urayomi": [ "レター" , "メール", "おたより", "ラブレター" ],
    "priconneyomi": [  ]
  },
  "grape": {
    "futsuyomi": [ "ブドウ", "グレープ" ],
    "urayomi": [ "きよほう", "デラウェア" ],
    "priconneyomi": [  ]
  },
  "sheep": {
    "futsuyomi": [ "ひつじ" ],
    "urayomi": [ "シープ", "メリーさんのひつじ" ],
    "priconneyomi": [  ]
  },
  "tofu": {
    "futsuyomi": [ "とうふ" ],
    "urayomi": [ "もめんどうふ", "きぬごしどうふ", "ひややっこ" ],
    "priconneyomi": [  ]
  },
  "duck": {
    "futsuyomi": [ "あひる", "がちよう" ],
    "urayomi": [ "グース" , "ダック", "とり" ],
    "priconneyomi": [  ]
  },
  "dragonfly": {
    "futsuyomi": [ "とんぼ" ],
    "urayomi": [ "やんま", "オニヤンマ", "ドラゴンフライ" ],
    "priconneyomi": [  ]
  },
  "leaf": {
    "futsuyomi": [ "はっぱ", "このは" ],
    "urayomi": [ "リーフ", "くさ" ],
    "priconneyomi": [ "アオイのともだち" ]
  },
  "ring": {
    "futsuyomi": [ "ゆびわ", "リング", "わっか" ],
    "urayomi": [  ],
    "priconneyomi": [  ]
  },
  "rope": {
    "futsuyomi": [ "なわ", "ロープ", "ひも", "つな" ],
    "urayomi": [  ],
    "priconneyomi": [ "クウカのまるひアイテム", "エクスタシー" ]
  },
  "shield": {
    "futsuyomi": [ "たて", "シールド" ],
    "urayomi": [ "ガード", "ぼうぐ", "バックラー" ],
    "priconneyomi": [ "インフェルノシールド" ]
  },
  "money": {
    "futsuyomi": [ "おかね", "かね" ],
    "urayomi": [ "マネー", "こぜに", "きんか" ],
    "priconneyomi": [ "ルピ", "ギルドハウスかぐこうにゆう" ]
  },
  "dessert": {
    "futsuyomi": [ "プリンアラモード", "デザート" ],
    "urayomi": [ "スイーツ" ],
    "priconneyomi": [ "ミヤコのおやつ" ]
  },
  "necklace": {
    "futsuyomi": [ "ネックレス", "ペンダント" ],
    "urayomi": [ "アクセサリー", "くびかざり" ],
    "priconneyomi": [  ]
  },
  "rice": {
    "futsuyomi": [ "いなほ" ],
    "urayomi": [ "たんぼ", "こめ", "おこめ", "むぎ" ],
    "priconneyomi": [  ]
  },
  "soy_sauce": {
    "futsuyomi": [ "しようゆ" ],
    "urayomi": [ "ソイソース", "ちようみりよう" ],
    "priconneyomi": [  ]
  },
  "conveyor_belt": {
    "futsuyomi": [ "ベルトコンベア" ],
    "urayomi": [ "こうじよう", "ファクトリー" ],
    "priconneyomi": [ "たいやきこうじよう" ]
  },
  "chandelier": {
    "futsuyomi": [ "シャンデリア" ],
    "urayomi": [ "あかり" ],
    "priconneyomi": [  ]
  },
  "salt": {
    "futsuyomi": [ "しお" ],
    "urayomi": [ "ソルト", "ちようみりよう" ],
    "priconneyomi": [  ]
  },
  "whirlpool": {
    "futsuyomi": [ "うずしお" ],
    "urayomi": [ "ぐるぐる" ],
    "priconneyomi": [  ]
  },
  "fishing_rod": {
    "futsuyomi": [ "つりざお" ],
    "urayomi": [ "ロッド" ],
    "priconneyomi": [ "ルカのしゆみごと" ]
  },
  "pot": {
    "futsuyomi": [ "なべ", "おなべ" ],
    "urayomi": [ "ずんどう", "カレー", "シチユー" ],
    "priconneyomi": [  ]
  },
  "seesaw": {
    "futsuyomi": [ "シーソー" ],
    "urayomi": [ "ゆうぐ", "ぎっこんばったん", "こうえんあそび" ],
    "priconneyomi": [  ]
  },
  "brush": {
    "futsuyomi": [ "ふで" ],
    "urayomi": [ "しよどう" , "もうひつ", "おしゆうじ", "すずり" ],
    "priconneyomi": [ "とーごくぶんか" ]
  },
  "dumbbell": {
    "futsuyomi": [ "きんトレ", "ダンベル" ],
    "urayomi": [ "マッスル", "ウェイトトレーニング" ],
    "priconneyomi": [  ]
  },
  "ghost": {
    "futsuyomi": [ "おばけ", "ゆうれい" ],
    "urayomi": [  ],
    "priconneyomi": [ "ミヤコ", "むてき" ]
  },
  "hiyori": {
    "futsuyomi": [ "ヒヨリ" ],
    "urayomi": [  ],
    "priconneyomi": [ "ほっとけないよ" ]
  },
  "yui": {
    "futsuyomi": [ "ユイ" ],
    "urayomi": [  ],
    "priconneyomi": [ "ヒールオール", "マコトのおさななじみ" ]
  },
  "rei": {
    "futsuyomi": [ "レイ" ],
    "urayomi": [  ],
    "priconneyomi": [ "じようば" ]
  },
  "misogi": {
    "futsuyomi": [ "ミソギ" ],
    "urayomi": [  ],
    "priconneyomi": [ "いたずらっこ" ]
  },
  "matsuri": {
    "futsuyomi": [ "マツリ" ],
    "urayomi": [  ],
    "priconneyomi": [ "ヒーローみならい" ]
  },
  "akari": {
    "futsuyomi": [ "アカリ" ],
    "urayomi": [  ],
    "priconneyomi": [ "ヨリのいもうと", "こあくま" ]
  },
  "miyako": {
    "futsuyomi": [ "ミヤコ" ],
    "urayomi": [  ],
    "priconneyomi": [ "ゆうれい", "プリン大好き" ]
  },
  "yuki": {
    "futsuyomi": [ "ユキ" ],
    "urayomi": [  ],
    "priconneyomi": [ "うつくしいぼく", "ナルシスト" ]
  },
  "anna": {
    "futsuyomi": [ "アンナ" ],
    "urayomi": [  ],
    "priconneyomi": [ "しっぷのヘカーテ", "ちゆうにびよう" ]
  },
  "maho": {
    "futsuyomi": [ "マホ" ],
    "urayomi": [  ],
    "priconneyomi": [ "おひめさま", "くるりんぱ" ]
  },
  "rino": {
    "futsuyomi": [ "リノ" ],
    "urayomi": [  ],
    "priconneyomi": [ "いもうと", "あほのこ" ]
  },
  "hatsune": {
    "futsuyomi": [ "ハツネ" ],
    "urayomi": [  ],
    "priconneyomi": [ "ちようのうりよくしようじよ", "スヤスヤ", "しおりんのあね" ]
  },
  "nanaka": {
    "futsuyomi": [ "ナナカ" ],
    "urayomi": [  ],
    "priconneyomi": [ "まほうしようじよ", "サイカワ" ]
  },
  "kasumi": {
    "futsuyomi": [ "カスミ" ],
    "urayomi": [  ],
    "priconneyomi": [ "めいたんてい", "たんてい" ]
  },
  "misato": {
    "futsuyomi": [ "ミサト" ],
    "urayomi": [  ],
    "priconneyomi": [ "ほいくえんのせんせい" ]
  },
  "suzuna": {
    "futsuyomi": [ "スズナ" ],
    "urayomi": [  ],
    "priconneyomi": [ "カリスマモデル", "ギャル" ]
  },
  "kaori": {
    "futsuyomi": [ "カオリ" ],
    "urayomi": [  ],
    "priconneyomi": [ "りゆうきゆうからて", "ハイタ～イ" ]
  },
  "io": {
    "futsuyomi": [ "イオ" ],
    "urayomi": [  ],
    "priconneyomi": [ "しんまいきようし", "ちやんイオ" ]
  },
  "mimi": {
    "futsuyomi": [ "ミミ" ],
    "urayomi": [  ],
    "priconneyomi": [ "うさぎさんだいすき" ]
  },
  "kurumi": {
    "futsuyomi": [ "クルミ" ],
    "urayomi": [  ],
    "priconneyomi": [ "めいじよゆう" ]
  },
  "yori": {
    "futsuyomi": [ "ヨリ" ],
    "urayomi": [  ],
    "priconneyomi": [ "ふたごのあね", "シャイ", "てんさいゲーマー" ]
  },
  "ayane": {
    "futsuyomi": [ "アヤネ" ],
    "urayomi": [  ],
    "priconneyomi": [ "ぷうきちのパートナー" ]
  },
  "suzume": {
    "futsuyomi": [ "スズメ" ],
    "urayomi": [  ],
    "priconneyomi": [ "メイド", "おっちよこちよい" ]
  },
  "rin": {
    "futsuyomi": [ "リン" ],
    "urayomi": [  ],
    "priconneyomi": [ "ぐうたら" ]
  },
  "eriko": {
    "futsuyomi": [ "エリコ" ],
    "urayomi": [  ],
    "priconneyomi": [ "デストロイヤー" ]
  },
  "saren": {
    "futsuyomi": [ "サレン" ],
    "urayomi": [  ],
    "priconneyomi": [ "ママ" ]
  },
  "nozomi": {
    "futsuyomi": [ "ノゾミ" ],
    "urayomi": [  ],
    "priconneyomi": [ "だいにんきアイドル" ]
  },
  "ninon": {
    "futsuyomi": [ "ニノン" ],
    "urayomi": [  ],
    "priconneyomi": [ "トーゴクかぶれ", "えせにんじや" ]
  },
  "shinobu": {
    "futsuyomi": [ "シノブ" ],
    "urayomi": [  ],
    "priconneyomi": [ "うらないし" ]
  },
  "akino": {
    "futsuyomi": [ "アキノ" ],
    "urayomi": [  ],
    "priconneyomi": [ "ごれいじよう" ]
  },
  "mahiru": {
    "futsuyomi": [ "マヒル" ],
    "urayomi": [  ],
    "priconneyomi": [ "ぼくじようぬし", "おわらいのみち" ]
  },
  "yukari": {
    "futsuyomi": [ "ユカリ" ],
    "urayomi": [  ],
    "priconneyomi": [ "のんべえ" ]
  },
  "kyouka": {
    "futsuyomi": [ "キョウカ" ],
    "urayomi": [  ],
    "priconneyomi": [ "ゆうとうせい" ]
  },
  "tomo": {
    "futsuyomi": [ "トモ" ],
    "urayomi": [  ],
    "priconneyomi": [ "ミクマりゅう" ]
  },
  "shiori": {
    "futsuyomi": [ "シオリ" ],
    "urayomi": [  ],
    "priconneyomi": [ "ハツネちやんのいもうと" ]
  },
  "aoi": {
    "futsuyomi": [ "アオイ" ],
    "urayomi": [  ],
    "priconneyomi": [ "ぼっち", "ビービーだんのメンバー" ]
  },
  "chika": {
    "futsuyomi": [ "チカ" ],
    "urayomi": [  ],
    "priconneyomi": [ "しようかんじゆつし", "うたひめ" ]
  },
  "makoto": {
    "futsuyomi": [ "マコト" ],
    "urayomi": [  ],
    "priconneyomi": [ "ユイのおさななじみ" ]
  },
  "ilya": {
    "futsuyomi": [ "イリヤ" ],
    "urayomi": [  ],
    "priconneyomi": [ "バンパイア", "でんせつのバンパイア", "よるをすべるもの" ]
  },
  "kuuka": {
    "futsuyomi": [ "クウカ" ],
    "urayomi": [  ],
    "priconneyomi": [ "どえむ" ]
  },
  "tamaki": {
    "futsuyomi": [ "タマキ" ],
    "urayomi": [  ],
    "priconneyomi": [ "ネコむすめ", "ファントムキャッツ" ]
  },
  "jun": {
    "futsuyomi": [ "ジユン" ],
    "urayomi": [  ],
    "priconneyomi": [ "だんちよう" ]
  },
  "mifuyu": {
    "futsuyomi": [ "ミフユ" ],
    "urayomi": [  ],
    "priconneyomi": [ "ししよう", "こうりつちゆう" ]
  },
  "shizuru": {
    "futsuyomi": [ "シズル" ],
    "urayomi": [  ],
    "priconneyomi": [ "おねえちやんだよ" ]
  },
  "misaki": {
    "futsuyomi": [ "ミサキ" ],
    "urayomi": [  ],
    "priconneyomi": [ "おとなのレデイ" ]
  },
  "mitsuki": {
    "futsuyomi": [ "ミツキ" ],
    "urayomi": [  ],
    "priconneyomi": [ "マッドサイエンテイスト", "ワンアイドデビル" ]
  },
  "rima": {
    "futsuyomi": [ "リマ" ],
    "urayomi": [  ],
    "priconneyomi": [ "もふもふ" ]
  },
  "monica": {
    "futsuyomi": [ "モニカ" ],
    "urayomi": [  ],
    "priconneyomi": [ "おこちやま" ]
  },
  "tsumugi": {
    "futsuyomi": [ "ツムギ" ],
    "urayomi": [  ],
    "priconneyomi": [ "テーラー", "レイさまファンクラブ" ]
  },
  "ayumi": {
    "futsuyomi": [ "アユミ" ],
    "urayomi": [  ],
    "priconneyomi": [ "モブ" ]
  },
  "ruka": {
    "futsuyomi": [ "ルカ" ],
    "urayomi": [  ],
    "priconneyomi": [ "あねご" ]
  },
  "djeeta": {
    "futsuyomi": [ "ジータ" ],
    "urayomi": [  ],
    "priconneyomi": [ "きくうし" ]
  },
  "pecorine": {
    "futsuyomi": [ "ペコリーヌ" ],
    "urayomi": [  ],
    "priconneyomi": [ "くいしんぼう", "おうけのそうび", "やバいですね", "プリンセス" ]
  },
  "kokkoro": {
    "futsuyomi": [ "コッコロ" ],
    "urayomi": [  ],
    "priconneyomi": [ "ガイドやく", "みこ" ]
  },
  "kyaru": {
    "futsuyomi": [ "キャル" ],
    "urayomi": [  ],
    "priconneyomi": [ "ツンデレ", "ヤバイわよ" ]
  },
  "muimi": {
    "futsuyomi": [ "ムイミ" ],
    "urayomi": [  ],
    "priconneyomi": [ "ノウェム" ]
  },
  "arisa": {
    "futsuyomi": [ "アリサ" ],
    "urayomi": [  ],
    "priconneyomi": [ "エルフのおんな", "もりばんみならい" ]
  },
  "neneka": {
    "futsuyomi": [ "ネネカ" ],
    "urayomi": [  ],
    "priconneyomi": [ "メタモルレグナント", "ぶんしんたい" ]
  },
  "christina": {
    "futsuyomi": [ "クリステイーナ" ],
    "urayomi": [  ],
    "priconneyomi": [ "レジーナゲッシユ", "ふくだんちよう" ]
  },
  "inori": {
    "futsuyomi": [ "イノリ" ],
    "urayomi": [  ],
    "priconneyomi": [ "ドラゴンブレス", "かんぶ" ]
  },
  "kaya": {
    "futsuyomi": [ "カヤ" ],
    "urayomi": [  ],
    "priconneyomi": [ "のうきんケンカバカ" ]
  },
  "homare": {
    "futsuyomi": [ "ホマレ" ],
    "urayomi": [  ],
    "priconneyomi": [ "ギャングのボス" ]
  },
  "chloe": {
    "futsuyomi": [ "クロエ" ],
    "urayomi": [  ],
    "priconneyomi": [ "ダウナー", "テレじよのやべーやつ" ]
  },
  "chieru": {
    "futsuyomi": [ "チエル" ],
    "urayomi": [  ],
    "priconneyomi": [ "れちぇるちぇぽぱぴ", "テレじよのやべーやつ" ]
  },
  "yuni": {
    "futsuyomi": [ "ユニ" ],
    "urayomi": [  ],
    "priconneyomi": [ "ひきこもり", "テレじよのやべーやつ" ]
  }
}