{
  "apple": {
    "futsuyomi": [
      "사과",
      "과일",
      "선악과",
      "애플티"
    ],
    "urayomi": [
      "레드"
    ],
    "priconneyomi": []
  },
  "gorilla": {
    "futsuyomi": [
      "고릴라",
      "우오오",
      "영장류"
    ],
    "urayomi": [],
    "priconneyomi": []
  },
  "trumpet": {
    "futsuyomi": [
      "나팔",
      "기상나팔",
      "금관악기"
    ],
    "urayomi": [],
    "priconneyomi": []
  },
  "pineapple": {
    "futsuyomi": [
      "파인애플",
      "과일",
      "다년생 식물"
    ],
    "urayomi": [
      "아나나스"
    ],
    "priconneyomi": []
  },
  "ruby": {
    "futsuyomi": [
      "루비",
      "주얼리",
      "오팔",
      "리워드",
      "다이아몬드"
    ],
    "urayomi": [
      "보물"
    ],
    "priconneyomi": [
      "아키노의 브로치"
    ]
  },
  "beer": {
    "futsuyomi": [
      "술잔",
      "크림 생맥주",
      "발포주",
      "음료",
      "드라이",
      "보드카"
    ],
    "urayomi": [
      "비어"
    ],
    "priconneyomi": [
      "이터널 저그"
    ]
  },
  "bow": {
    "futsuyomi": [
      "화살",
      "보우",
      "애기살"
    ],
    "urayomi": [
      "사냥꾼의 도구",
      "발사해"
    ],
    "priconneyomi": []
  },
  "music": {
    "futsuyomi": [
      "고려가요",
      "디바",
      "하모니",
      "파반느",
      "레코드"
    ],
    "urayomi": [
      "노래",
      "박자"
    ],
    "priconneyomi": []
  },
  "tube": {
    "futsuyomi": [
      "물감",
      "미술",
      "팔레트",
      "치약"
    ],
    "urayomi": [],
    "priconneyomi": []
  },
  "sword": {
    "futsuyomi": [
      "진검",
      "전투",
      "검기",
      "발도",
      "영검",
      "도창"
    ],
    "urayomi": [
      "소검"
    ],
    "priconneyomi": [
      "프린세스 소드"
    ]
  },
  "glasses": {
    "futsuyomi": [
      "안경",
      "두꺼운 안경",
      "약시"
    ],
    "urayomi": [],
    "priconneyomi": [
      "카린의 안경"
    ]
  },
  "lens": {
    "futsuyomi": [
      "형사",
      "루페",
      "사건추적"
    ],
    "urayomi": [
      "검문",
      "견해"
    ],
    "priconneyomi": []
  },
  "meat": {
    "futsuyomi": [
      "고기",
      "살코기",
      "미트",
      "육식",
      "티본 스테이크",
      "별미",
      "술 안주"
    ],
    "urayomi": [
      "괴기"
    ],
    "priconneyomi": []
  },
  "moon": {
    "futsuyomi": [
      "루나",
      "떡방아",
      "보름달",
      "야경"
    ],
    "urayomi": [
      "수면장애",
      "선잠"
    ],
    "priconneyomi": []
  },
  "bat": {
    "futsuyomi": [
      "박쥐",
      "전파"
    ],
    "urayomi": [
      "코로나"
    ],
    "priconneyomi": []
  },
  "bird": {
    "futsuyomi": [
      "괴물",
      "마물",
      "적대적",
      "육식 동물",
      "요괴",
      "쿠쿠"
    ],
    "urayomi": [],
    "priconneyomi": []
  },
  "shoes": {
    "futsuyomi": [
      "구두",
      "장화",
      "발걸음"
    ],
    "urayomi": [],
    "priconneyomi": []
  },
  "cat": {
    "futsuyomi": [
      "고양이",
      "키티",
      "야옹이",
      "나비",
      "살쾡이",
      "쥐의 천적"
    ],
    "urayomi": [],
    "priconneyomi": [
      "타마키의 친구"
    ]
  },
  "goldfish": {
    "futsuyomi": [
      "금붕어",
      "생선",
      "임연수어"
    ],
    "urayomi": [
      "물고기"
    ],
    "priconneyomi": []
  },
  "mouse": {
    "futsuyomi": [
      "마우스",
      "쥐선생",
      "래트",
      "생쥐",
      "시궁창",
      "창고"
    ],
    "urayomi": [],
    "priconneyomi": []
  },
  "egg": {
    "futsuyomi": [
      "계란",
      "유정란",
      "달걀말이",
      "어린애",
      "네스트",
      "식량",
      "산란",
      "이스터 에그"
    ],
    "urayomi": [],
    "priconneyomi": []
  },
  "boat": {
    "futsuyomi": [
      "유람선",
      "거북선",
      "무역선",
      "자유",
      "승선"
    ],
    "urayomi": [
      "페리"
    ],
    "priconneyomi": []
  },
  "milk": {
    "futsuyomi": [
      "우유",
      "키 성장",
      "유당",
      "음~메"
    ],
    "urayomi": [],
    "priconneyomi": []
  },
  "chocolate": {
    "futsuyomi": [
      "카카오",
      "과자",
      "달달한 초코"
    ],
    "urayomi": [],
    "priconneyomi": []
  },
  "acorn": {
    "futsuyomi": [
      "도토리",
      "견과류"
    ],
    "urayomi": [
      "다람쥐"
    ],
    "priconneyomi": []
  },
  "strawberry": {
    "futsuyomi": [
      "스트로베리",
      "과일",
      "선물",
      "달콤새콤 딸기"
    ],
    "urayomi": [],
    "priconneyomi": []
  },
  "tiger": {
    "futsuyomi": [
      "호랑이",
      "경계",
      "타이거",
      "약육강식",
      "육식 동물",
      "산짐승"
    ],
    "urayomi": [],
    "priconneyomi": []
  },
  "rabbit": {
    "futsuyomi": [
      "귀여운 인형",
      "봉제인형",
      "토끼잠"
    ],
    "urayomi": [],
    "priconneyomi": []
  },
  "bomb": {
    "futsuyomi": [
      "위기",
      "어이쿠"
    ],
    "urayomi": [],
    "priconneyomi": [
      "장난도구",
      "미소기의 장난 도구"
    ]
  },
  "watermelon": {
    "futsuyomi": [
      "수박",
      "시원한 수박",
      "여름의 풍물시"
    ],
    "urayomi": [],
    "priconneyomi": []
  },
  "horse": {
    "futsuyomi": [
      "당나귀",
      "적토마",
      "야생마",
      "트로이카"
    ],
    "urayomi": [],
    "priconneyomi": []
  },
  "chair": {
    "futsuyomi": [
      "체어",
      "목재용 본드"
    ],
    "urayomi": [
      "나무의자"
    ],
    "priconneyomi": []
  },
  "sea": {
    "futsuyomi": [
      "바다",
      "비치",
      "해안",
      "모래사장",
      "한여름",
      "여름",
      "파타야"
    ],
    "urayomi": [
      "잔잔한 바다",
      "소라"
    ],
    "priconneyomi": [
      "마르젠 해안"
    ]
  },
  "crab": {
    "futsuyomi": [
      "소라게",
      "투구",
      "키토산",
      "기사 게",
      "창술"
    ],
    "urayomi": [
      "적대적"
    ],
    "priconneyomi": []
  },
  "recorder": {
    "futsuyomi": [
      "피리",
      "플루트"
    ],
    "urayomi": [],
    "priconneyomi": []
  },
  "book": {
    "futsuyomi": [
      "노트",
      "일기",
      "사전",
      "문체",
      "괴문자",
      "논픽션 서적",
      "니체",
      "마도서"
    ],
    "urayomi": [],
    "priconneyomi": []
  },
  "fish": {
    "futsuyomi": [
      "생선",
      "물고기",
      "다랑어",
      "피라루쿠",
      "치어"
    ],
    "urayomi": [
      "메로"
    ],
    "priconneyomi": []
  },
  "tree": {
    "futsuyomi": [
      "트리",
      "산나무트리",
      "나무",
      "화기애애",
      "미슬토"
    ],
    "urayomi": [
      "수목"
    ],
    "priconneyomi": []
  },
  "candy": {
    "futsuyomi": [
      "사탕",
      "디저트",
      "달콤한 캔디",
      "체리맛 캔디"
    ],
    "urayomi": [],
    "priconneyomi": []
  },
  "hammer": {
    "futsuyomi": [
      "해머",
      "팔라딘 해머"
    ],
    "urayomi": [],
    "priconneyomi": [
      "이노리의 무기"
    ]
  },
  "star": {
    "futsuyomi": [
      "스타",
      "별똥별",
      "오각형",
      "야경"
    ],
    "urayomi": [],
    "priconneyomi": []
  },
  "hat": {
    "futsuyomi": [
      "모자",
      "격식",
      "느와르물",
      "검은 모자",
      "양복 모자"
    ],
    "urayomi": [],
    "priconneyomi": []
  },
  "cup": {
    "futsuyomi": [
      "티 커피",
      "코코아",
      "아메리카노",
      "카페",
      "한약",
      "프렌치 프레스",
      "음료"
    ],
    "urayomi": [
      "머그잔"
    ],
    "priconneyomi": []
  },
  "dog": {
    "futsuyomi": [
      "강아지",
      "애완견",
      "도그",
      "유기견",
      "시바"
    ],
    "urayomi": [],
    "priconneyomi": []
  },
  "flag": {
    "futsuyomi": [
      "플래그",
      "게시",
      "진격",
      "승리의 깃발"
    ],
    "urayomi": [],
    "priconneyomi": []
  },
  "cake": {
    "futsuyomi": [
      "경사",
      "생일",
      "스트로베리 케이크",
      "파티"
    ],
    "urayomi": [
      "선물"
    ],
    "priconneyomi": []
  },
  "microphone": {
    "futsuyomi": [
      "노래"
    ],
    "urayomi": [
      "마이크"
    ],
    "priconneyomi": []
  },
  "lipstick": {
    "futsuyomi": [
      "루주",
      "화장",
      "여자"
    ],
    "urayomi": [],
    "priconneyomi": [
      "크리티컬 키스"
    ]
  },
  "mochi": {
    "futsuyomi": [
      "유자떡",
      "라이스 케이크",
      "떡고물",
      "잔치",
      "마시멜로"
    ],
    "urayomi": [],
    "priconneyomi": []
  },
  "fairy": {
    "futsuyomi": [
      "요정",
      "페어리",
      "치마"
    ],
    "urayomi": [],
    "priconneyomi": []
  },
  "umbrella": {
    "futsuyomi": [
      "우산",
      "양산",
      "일기예보"
    ],
    "urayomi": [
      "비우산",
      "장마"
    ],
    "priconneyomi": []
  },
  "dice": {
    "futsuyomi": [
      "주사위",
      "게임",
      "탕진",
      "정육면체",
      "장난감",
      "육면체"
    ],
    "urayomi": [
      "도박"
    ],
    "priconneyomi": []
  },
  "letter": {
    "futsuyomi": [
      "기별",
      "봉투",
      "서한",
      "귀하",
      "메일",
      "카드"
    ],
    "urayomi": [],
    "priconneyomi": []
  },
  "grape": {
    "futsuyomi": [
      "그레이프",
      "거봉",
      "과일주",
      "머루"
    ],
    "urayomi": [],
    "priconneyomi": []
  },
  "sheep": {
    "futsuyomi": [
      "어린양",
      "아기양",
      "산양"
    ],
    "urayomi": [
      "양머리"
    ],
    "priconneyomi": []
  },
  "tofu": {
    "futsuyomi": [
      "두부",
      "부드러운 두부"
    ],
    "urayomi": [],
    "priconneyomi": []
  },
  "duck": {
    "futsuyomi": [
      "오리",
      "구스",
      "거위"
    ],
    "urayomi": [],
    "priconneyomi": []
  },
  "dragonfly": {
    "futsuyomi": [
      "잠자리",
      "드래곤 플라이"
    ],
    "urayomi": [
      "장수잠자리"
    ],
    "priconneyomi": []
  },
  "leaf": {
    "futsuyomi": [
      "느티나무",
      "리프",
      "식물",
      "박하"
    ],
    "urayomi": [],
    "priconneyomi": []
  },
  "ring": {
    "futsuyomi": [
      "감사",
      "보석 반지",
      "주얼리",
      "패물"
    ],
    "urayomi": [
      "금붙이"
    ],
    "priconneyomi": []
  },
  "rope": {
    "futsuyomi": [
      "로프",
      "강박"
    ],
    "urayomi": [],
    "priconneyomi": []
  },
  "shield": {
    "futsuyomi": [
      "경비",
      "나무방패",
      "감시",
      "아머실드"
    ],
    "urayomi": [
      "기사"
    ],
    "priconneyomi": [
      "별을 노래하는 방패"
    ]
  },
  "money": {
    "futsuyomi": [
      "루피",
      "플렉스",
      "부자",
      "탕진",
      "임금",
      "격려금",
      "디럭스",
      "머니",
      "티끌 모아 태산"
    ],
    "urayomi": [],
    "priconneyomi": []
  },
  "dessert": {
    "futsuyomi": [
      "디저트",
      "달달해"
    ],
    "urayomi": [
      "메이플"
    ],
    "priconneyomi": [
      "미야코의 간식"
    ]
  },
  "necklace": {
    "futsuyomi": [
      "목걸이",
      "네크리스",
      "장신구",
      "화려"
    ],
    "urayomi": [],
    "priconneyomi": []
  },
  "rice": {
    "futsuyomi": [
      "귀리",
      "라이스",
      "논밭의 곡식",
      "식량",
      "계단식 논",
      "노동요",
      "호남평야"
    ],
    "urayomi": [],
    "priconneyomi": []
  },
  "soy_sauce": {
    "futsuyomi": [
      "소스"
    ],
    "urayomi": [
      "진간장"
    ],
    "priconneyomi": []
  },
  "conveyor_belt": {
    "futsuyomi": [
      "기계",
      "쿠키",
      "노고"
    ],
    "urayomi": [],
    "priconneyomi": []
  },
  "chandelier": {
    "futsuyomi": [],
    "urayomi": [
      "전구"
    ],
    "priconneyomi": []
  },
  "salt": {
    "futsuyomi": [
      "소금"
    ],
    "urayomi": [
      "감미료"
    ],
    "priconneyomi": []
  },
  "whirlpool": {
    "futsuyomi": [
      "소용돌이",
      "한강",
      "트위스트",
      "여울목",
      "하수구",
      "네스 호"
    ],
    "urayomi": [
      "강물"
    ],
    "priconneyomi": []
  },
  "fishing_rod": {
    "futsuyomi": [
      "물고기 잡이"
    ],
    "urayomi": [
      "잠기다"
    ],
    "priconneyomi": [
      "루카의 취미"
    ]
  },
  "pot": {
    "futsuyomi": [
      "식사",
      "카레",
      "구수",
      "주문"
    ],
    "urayomi": [
      "요리"
    ],
    "priconneyomi": []
  },
  "seesaw": {
    "futsuyomi": [
      "시소",
      "지레",
      "위아래",
      "그네"
    ],
    "urayomi": [],
    "priconneyomi": []
  },
  "brush": {
    "futsuyomi": [
      "문방사우",
      "수묵화",
      "검정 먹물",
      "서예도구",
      "메모",
      "한문"
    ],
    "urayomi": [],
    "priconneyomi": [
      "니논의 관심사"
    ]
  },
  "dumbbell": {
    "futsuyomi": [
      "팔근육",
      "아령"
    ],
    "urayomi": [],
    "priconneyomi": []
  },
  "ghost": {
    "futsuyomi": [
      "유령",
      "도깨비",
      "형태 변화"
    ],
    "urayomi": [
      "투영"
    ],
    "priconneyomi": []
  },
  "hiyori": {
    "futsuyomi": [],
    "urayomi": [],
    "priconneyomi": [
      "격투술",
      "그냥 둘 수 없어"
    ]
  },
  "yui": {
    "futsuyomi": [
      "유이"
    ],
    "urayomi": [],
    "priconneyomi": [
      "마코토의 소꿉친구",
      "치료"
    ]
  },
  "rei": {
    "futsuyomi": [
      "레이"
    ],
    "urayomi": [
      "승마"
    ],
    "priconneyomi": [
      "검술사"
    ]
  },
  "misogi": {
    "futsuyomi": [
      "미소기"
    ],
    "urayomi": [],
    "priconneyomi": [
      "장난꾸러기",
      "트릭 보머",
      "문 세스타스"
    ]
  },
  "matsuri": {
    "futsuyomi": [
      "마츠리"
    ],
    "urayomi": [],
    "priconneyomi": [
      "영웅 견습생",
      "트라 타이거",
      "정의의 히어로"
    ]
  },
  "akari": {
    "futsuyomi": [
      "아카리"
    ],
    "urayomi": [
      "소악마"
    ],
    "priconneyomi": [
      "요리의 여동생"
    ]
  },
  "miyako": {
    "futsuyomi": [
      "미야코"
    ],
    "urayomi": [
      "투영"
    ],
    "priconneyomi": [
      "형태 변화",
      "유령"
    ]
  },
  "yuki": {
    "futsuyomi": [
      "유키"
    ],
    "urayomi": [
      "여장 남자",
      "로리타",
      "네일아트",
      "자기애"
    ],
    "priconneyomi": []
  },
  "anna": {
    "futsuyomi": [
      "안나"
    ],
    "urayomi": [],
    "priconneyomi": [
      "패차명멸옥염주",
      "시구르드",
      "전생 이야기"
    ]
  },
  "maho": {
    "futsuyomi": [
      "마호"
    ],
    "urayomi": [
      "봉제인형",
      "여우"
    ],
    "priconneyomi": [
      "느릿느릿 산보"
    ]
  },
  "rino": {
    "futsuyomi": [
      "리노"
    ],
    "urayomi": [],
    "priconneyomi": [
      "여동생",
      "바보"
    ]
  },
  "hatsune": {
    "futsuyomi": [
      "하츠네"
    ],
    "urayomi": [],
    "priconneyomi": [
      "잠꾸러기",
      "시오리의 언니",
      "피곤한 엘프",
      "플라이"
    ]
  },
  "nanaka": {
    "futsuyomi": [
      "나나카"
    ],
    "urayomi": [
      "오타쿠"
    ],
    "priconneyomi": [
      "귀요미",
      "마법 소녀"
    ]
  },
  "kasumi": {
    "futsuyomi": [
      "카스미"
    ],
    "urayomi": [
      "논리적인 탐정",
      "박학다식한 탐정",
      "사건 범인 검거"
    ],
    "priconneyomi": []
  },
  "misato": {
    "futsuyomi": [
      "미사토"
    ],
    "urayomi": [
      "선생님",
      "논리력 증강",
      "아가페"
    ],
    "priconneyomi": [
      "보육 교사",
      "어머머"
    ]
  },
  "suzuna": {
    "futsuyomi": [
      "스즈나",
      "패션 모델 스즈나"
    ],
    "urayomi": [],
    "priconneyomi": []
  },
  "kaori": {
    "futsuyomi": [
      "카오리"
    ],
    "urayomi": [],
    "priconneyomi": [
      "류큐 공수도",
      "안녕~",
      "어떻게든 될 거야",
      "느긋한 남국 소녀",
      "여주 요리"
    ]
  },
  "io": {
    "futsuyomi": [
      "이오"
    ],
    "urayomi": [],
    "priconneyomi": [
      "선생님"
    ]
  },
  "mimi": {
    "futsuyomi": [
      "미미"
    ],
    "urayomi": [],
    "priconneyomi": []
  },
  "kurumi": {
    "futsuyomi": [
      "쿠루미"
    ],
    "urayomi": [],
    "priconneyomi": [
      "여배우"
    ]
  },
  "yori": {
    "futsuyomi": [
      "요리"
    ],
    "urayomi": [
      "게이머"
    ],
    "priconneyomi": [
      "아카리의 언니"
    ]
  },
  "ayane": {
    "futsuyomi": [
      "아야네"
    ],
    "urayomi": [],
    "priconneyomi": []
  },
  "suzume": {
    "futsuyomi": [
      "스즈메"
    ],
    "urayomi": [],
    "priconneyomi": [
      "메이드"
    ]
  },
  "rin": {
    "futsuyomi": [],
    "urayomi": [
      "도토리",
      "한량"
    ],
    "priconneyomi": [
      "게으름뱅이"
    ]
  },
  "eriko": {
    "futsuyomi": [],
    "urayomi": [
      "파괴"
    ],
    "priconneyomi": [
      "적극적"
    ]
  },
  "saren": {
    "futsuyomi": [],
    "urayomi": [],
    "priconneyomi": [
      "사렌디아 구호원 경영자",
      "모두의 엄마",
      "마마"
    ]
  },
  "nozomi": {
    "futsuyomi": [
      "노조미"
    ],
    "urayomi": [],
    "priconneyomi": [
      "라이브 온 스테이지"
    ]
  },
  "ninon": {
    "futsuyomi": [
      "니논"
    ],
    "urayomi": [],
    "priconneyomi": [
      "오에도 니논",
      "이국의 소녀"
    ]
  },
  "shinobu": {
    "futsuyomi": [
      "시노부"
    ],
    "urayomi": [],
    "priconneyomi": [
      "영능력자",
      "해골 아버지"
    ]
  },
  "akino": {
    "futsuyomi": [
      "아키노"
    ],
    "urayomi": [
      "노블레스 오블리주",
      "투자자"
    ],
    "priconneyomi": [
      "영애",
      "위스타리아 가문",
      "오호호호호"
    ]
  },
  "mahiru": {
    "futsuyomi": [
      "마히루"
    ],
    "urayomi": [
      "아저씨 개그"
    ],
    "priconneyomi": [
      "목장",
      "유제품 배달"
    ]
  },
  "yukari": {
    "futsuyomi": [
      "유카리"
    ],
    "urayomi": [],
    "priconneyomi": [
      "주정뱅이",
      "치료사",
      "탕평을 향한 정진",
      "술고래 유카리"
    ]
  },
  "kyouka": {
    "futsuyomi": [],
    "urayomi": [],
    "priconneyomi": [
      "우등생",
      "당근은 싫어요",
      "피망은 싫어요"
    ]
  },
  "tomo": {
    "futsuyomi": [
      "토모"
    ],
    "urayomi": [
      "수다쟁이"
    ],
    "priconneyomi": [
      "미쿠마류",
      "정의의 사도",
      "전투 기사 토모"
    ]
  },
  "shiori": {
    "futsuyomi": [
      "시오리"
    ],
    "urayomi": [
      "잔병치레",
      "목장 보호"
    ],
    "priconneyomi": [
      "하츠네의 여동생"
    ]
  },
  "aoi": {
    "futsuyomi": [
      "아오이"
    ],
    "urayomi": [],
    "priconneyomi": []
  },
  "chika": {
    "futsuyomi": [
      "치카"
    ],
    "urayomi": [],
    "priconneyomi": [
      "정령",
      "창환술사",
      "바람의 정령"
    ]
  },
  "makoto": {
    "futsuyomi": [
      "마코토"
    ],
    "urayomi": [
      "무도파"
    ],
    "priconneyomi": [
      "유이의 소꿉친구",
      "정의의 소녀",
      "미안 유이"
    ]
  },
  "ilya": {
    "futsuyomi": [
      "이리야"
    ],
    "urayomi": [
      "계약"
    ],
    "priconneyomi": [
      "형태 변화"
    ]
  },
  "kuuka": {
    "futsuyomi": [
      "쿠우카"
    ],
    "urayomi": [],
    "priconneyomi": [
      "오에도 쿠우카",
      "마조히스트"
    ]
  },
  "tamaki": {
    "futsuyomi": [
      "타마키"
    ],
    "urayomi": [
      "쥐의 천적"
    ],
    "priconneyomi": [
      "수전노 고양이"
    ]
  },
  "jun": {
    "futsuyomi": [],
    "urayomi": [
      "기강",
      "견고",
      "호위"
    ],
    "priconneyomi": []
  },
  "mifuyu": {
    "futsuyomi": [
      "미후유"
    ],
    "urayomi": [],
    "priconneyomi": [
      "스승",
      "아르바이트",
      "당당한 여장부",
      "살뜰한 미후유"
    ]
  },
  "shizuru": {
    "futsuyomi": [
      "시즈루"
    ],
    "urayomi": [],
    "priconneyomi": [
      "리노의 언니"
    ]
  },
  "misaki": {
    "futsuyomi": [
      "미사키"
    ],
    "urayomi": [],
    "priconneyomi": [
      "레이디",
      "키작은 숙녀",
      "자칭 숙녀",
      "어엿한 숙녀"
    ]
  },
  "mitsuki": {
    "futsuyomi": [
      "미츠키"
    ],
    "urayomi": [
      "과학자"
    ],
    "priconneyomi": [
      "위험한 과학자",
      "로즈 필드",
      "약물 전문가 미츠키"
    ]
  },
  "rima": {
    "futsuyomi": [
      "리마"
    ],
    "urayomi": [],
    "priconneyomi": [
      "로보리마",
      "목장 보호"
    ]
  },
  "monica": {
    "futsuyomi": [
      "모니카"
    ],
    "urayomi": [
      "검술"
    ],
    "priconneyomi": [
      "어린이"
    ]
  },
  "tsumugi": {
    "futsuyomi": [],
    "urayomi": [],
    "priconneyomi": [
      "문 세스타스"
    ]
  },
  "ayumi": {
    "futsuyomi": [
      "아유미"
    ],
    "urayomi": [
      "일일 알바"
    ],
    "priconneyomi": [
      "우당탕 순정 소녀",
      "지이이",
      "창피"
    ]
  },
  "ruka": {
    "futsuyomi": [
      "루카"
    ],
    "urayomi": [
      "형님"
    ],
    "priconneyomi": [
      "사무라이"
    ]
  },
  "djeeta": {
    "futsuyomi": [
      "지타"
    ],
    "urayomi": [
      "프리랜서"
    ],
    "priconneyomi": [
      "기공사",
      "하늘을 꿈꾸는 소녀",
      "창공의 기공사"
    ]
  },
  "pecorine": {
    "futsuyomi": [
      "페코린느"
    ],
    "urayomi": [],
    "priconneyomi": [
      "프린세스",
      "장난 아니네요",
      "유스티아나"
    ]
  },
  "kokkoro": {
    "futsuyomi": [
      "코코로"
    ],
    "urayomi": [],
    "priconneyomi": []
  },
  "kyaru": {
    "futsuyomi": [
      "고양이 수인족 캬루"
    ],
    "urayomi": [],
    "priconneyomi": [
      "위험해",
      "잔소리",
      "임무"
    ]
  },
  "muimi": {
    "futsuyomi": [
      "무이미"
    ],
    "urayomi": [],
    "priconneyomi": [
      "수수께끼 소녀"
    ]
  },
  "arisa": {
    "futsuyomi": [
      "아리사"
    ],
    "urayomi": [],
    "priconneyomi": [
      "여자 엘프",
      "로자리아"
    ]
  },
  "neneka": {
    "futsuyomi": [
      "네네카"
    ],
    "urayomi": [],
    "priconneyomi": [
      "메타몰 레그넌트"
    ]
  },
  "christina": {
    "futsuyomi": [
      "크리스티나"
    ],
    "urayomi": [],
    "priconneyomi": [
      "부단장",
      "자신감"
    ]
  },
  "inori": {
    "futsuyomi": [
      "이노리"
    ],
    "urayomi": [],
    "priconneyomi": [
      "드래곤즈 로어"
    ]
  },
  "kaya": {
    "futsuyomi": [
      "카야"
    ],
    "urayomi": [],
    "priconneyomi": []
  },
  "homare": {
    "futsuyomi": [
      "호마레"
    ],
    "urayomi": [],
    "priconneyomi": [
      "그 여자",
      "두목"
    ]
  },
  "chloe": {
    "futsuyomi": [],
    "urayomi": [],
    "priconneyomi": [
      "무덤덤하다"
    ]
  },
  "chieru": {
    "futsuyomi": [
      "치에루"
    ],
    "urayomi": [],
    "priconneyomi": [
      "체룬어"
    ]
  },
  "yuni": {
    "futsuyomi": [
      "유니"
    ],
    "urayomi": [],
    "priconneyomi": [
      "논문",
      "견식"
    ]
  }
}